Frank,90,103,3,4990652,Camile
Linet,59,109,1,4811294,Ivett
Binny,39,100,1,515045,Silvana
Kate,30,109,4,6143580,Sue
Henriette,89,110,5,1105974,Ellette
Sissy,80,100,5,1943061,Nita
Shell,79,108,3,4171189,Karolina
Rebeca,10,107,2,3606630,Gerrie
Yetty,59,102,5,659770,Cindelyn
Talya,29,103,1,3148280,Jessamyn
Sherrie,99,102,1,675239,Lizzie
Olwen,57,103,4,5443610,Briney
Michaelina,44,110,3,1233565,Joelly
Tabbatha,90,103,3,3457972,Valeda
Sidoney,6,105,4,1749653,Hope
Eve,66,109,2,1411199,Kristan
Sophia,54,107,4,3814090,Ursulina
Cathyleen,20,102,2,2234011,Gwyneth
Dari,30,110,5,3201660,Lorenza
Lusa,29,108,1,820651,Tressa
Elka,56,102,4,5979843,Carmencita
Keelia,75,104,2,32453,Kathy
Julieta,67,102,1,2635304,Alisha
Myriam,87,103,5,4210616,Ninnetta
Courtnay,87,109,3,4519232,Sissy
Aurore,63,100,5,5034987,Annabela
Jacenta,13,107,2,4290940,Joy
Delilah,12,106,2,4071146,Aryn
Gavrielle,98,104,1,2791161,Mary
Aeriela,53,106,3,4764121,Misha
Elora,20,108,2,24691,Reeba
Jemie,77,108,2,1299984,Angelique
Corry,33,100,3,4857931,Fawne
Ada,72,108,3,2958226,Jany
Asia,41,109,3,5107466,Teriann
Gavrielle,95,109,4,5502106,Gui
Devina,86,108,1,5779511,Merle
Mathilda,74,101,4,6540499,Myrtice
Cathyleen,31,105,3,3516534,Dode
Ulrike,84,104,5,6532632,Dari
Layla,74,106,2,6428080,Rhea
Jacenta,9,104,1,3935007,Roz
Atlanta,25,102,2,2548375,Kathi
Orelia,100,102,3,598045,Jessy
Deloria,73,108,1,6321983,Queenie
Bettine,78,101,3,1204888,Rani
Carlie,6,100,2,2863587,Augustine
Dari,94,101,3,3894058,Letizia
Carree,11,109,5,741361,Sheelagh
Leanna,84,110,3,3893487,Corina
Fredericka,84,103,5,1586874,Loree
Lenna,6,107,2,2142315,Thalia
Dorice,78,102,2,391119,Anthia
Constance,31,106,2,253024,Lacie
Gloria,36,107,5,792674,Betta
Willetta,93,104,5,1754182,Madeleine
Mallory,62,109,3,1050749,Hyacinthe
Di,59,103,1,2741180,June
Lanae,70,108,5,6474902,Henriette
Alleen,70,103,2,1042896,Olivette
Lacie,95,105,2,6850025,Ginnie
Tani,1,103,5,6186756,Tera
Karena,90,102,3,4137369,Jillayne
Jeanna,77,100,2,4262633,Blake
Nerta,87,105,2,1440778,Bibby
Micheline,62,101,2,6531532,Monika
Siana,39,104,4,3792556,Shandie
Joceline,12,107,5,1589916,Clementine
Kate,43,101,4,2858565,Petronia
Evita,98,105,4,5336843,Lulita
Modestia,31,109,3,6716394,Ana
Vere,89,109,3,1662701,Sheelagh
Wilma,91,108,1,5415108,Karena
Gabi,58,100,1,4389442,Christal
Pollyanna,79,101,3,5774450,Merci
Josephine,97,108,3,4791109,Sue
Mildrid,33,108,3,3886217,Roz
Evita,38,110,4,1823149,Arlina
Pamella,45,109,3,5777736,Ebonee
Aili,67,109,5,6840044,Jillayne
Sabina,57,104,1,1144477,Calla
Gerrie,43,109,1,5853277,Ira
Tina,91,106,3,5612965,Renie
Ileana,16,109,4,6514410,Melanie
Neila,20,102,1,5346394,Morganica
Neila,26,110,5,2262181,Brietta
Gloria,84,107,2,5825527,Shandie
Gerianna,54,102,3,322742,Jillayne
Rosaline,42,107,3,4256925,Ricky
Dotty,94,100,2,781904,Sashenka
Clarice,8,102,3,24254,Daryl
Mahalia,33,100,4,1447598,Carly
Lily,29,108,5,2490727,Gwenneth
Rozele,77,109,5,199496,Berta
Neila,6,100,1,752798,Dania
Lilith,85,107,4,1792838,Lorenza
Di,15,105,3,4989301,Konstance
Maud,16,110,2,5727500,Arabel
Alie,39,102,5,2390268,Merrie
Marline,31,108,5,1377817,Aurelie